User_ID,username,password
1,admin,admin
2,JohnDoe,MyPassword1
3,SarahBrown,StrongPass22
4,MichaelWang,P@ssw0rd99
5,EmiliaGarcia,Sunshine123
6,DavidLee,Letmein456
7,SophiaRoberts,Changeme789
8,JamesKim,Ilovemypet
9,OliviaThomas,SecurePass11
10,MatthewChang,Newpassword2
11,IsabellaGomez,Qwerty123!
12,AlexanderNguyen,Mybirthday33
13,LilySun,Favoritething
14,JakobPeterson,Happyplace44
15,NoraRamirez,Mykitty55
16,RyanWong,Mylogin66
17,MadisonChen,Getbackin77
18,JakobJensen,Idontknow88
19,NadiaFernandez,Tryagain99
20,EthanMorales,Thisisit00
21,AvaChang,Myflowereenm
22,LucasYou,Bumblebee22
23,SarahLi,Happybirthday
24,JacksonWu,Iloveyou123
25,EmmaZhou,Sunshine456
26,DavidZhang,Justdoit789
27,SophiaFan,Letmein012
28,JamesLiu,Qwerty3456
29,OliviaZhao,Ilovemypet789
30,MatthewXu,Newpassword0
31,IsabellaChen,Favoritething1
32,AlexanderLuo,Mylovely22
33,LilyCui,Bestfriend33
34,JakobWan,Happyplace44
35,NoraYang,Mykitty55
36,RyanLin,Mylogin66
37,MadisonJiang,Getbackin77
38,JakobChen,Idontknow88
39,NadiaLiu,Tryagain99
40,EthanZhao,Thisisit00
41,AvaGao,Myflowereenm
42,LucasXu,Bumblebee22
43,SarahFan,Happybirthday
44,JacksonLiu,Iloveyou123
45,EmmaChen,Sunshine456
46,DavidZhang,Justdoit789
47,SophiaCui,Letmein012
48,JamesWan,Qwerty3456
49,OliviaYang,Ilovemypet789
50,MatthewLin,Newpassword0
51,IsabellaChan,Favoritething1
52,AlexanderJiang,Mylovely22
53,LilyGao,Bestfriend33
54,JakobXu,Happyplace44
55,NoraChen,Mykitty55
56,RyanLiu,Mylogin66
57,MadisonFan,Getbackin77
58,JakobLiu,Idontknow88
59,NadiaZhao,Tryagain99
60,EthanChen,Thisisit00
61,AvaChen,Myflowereenm
62,LucasFan,Bumblebee22
63,SarahLiu,Happybirthday
64,JacksonChen,Iloveyou123
65,EmmaZhang,Sunshine456
66,DavidCui,Justdoit789
67,SophiaWan,Letmein012
68,JamesYang,Qwerty3456
69,OliviaLin,Ilovemypet789
70,MatthewJiang,Newpassword0
71,IsabellaChen,Favoritething1
72,AlexanderGao,Mylovely22
73,LilyXu,Bestfriend33
74,JakobFan,Happyplace44
75,NoraChan,Mykitty55
76,RyanLiu,Mylogin66
77,MadisonZhao,Getbackin77
78,JakobChen,Idontknow88
79,NadiaChen,Tryagain99
80,EthanZhang,Thisisit00
81,AvaCui,Myflowereenm
82,LucasWan,Bumblebee22
83,SarahYang,Happybirthday
84,JacksonLin,Iloveyou123
85,EmmaJiang,Sunshine456
86,DavidGao,Justdoit789
87,SophiaXu,Letmein012
88,JamesFan,Qwerty3456
89,OliviaChen,Ilovemypet789
90,MatthewZhao,Newpassword0
91,IsabellaCui,Favoritething1
92,AlexanderWan,Mylovely22
93,LilyYang,Bestfriend33
94,JakobLin,Happyplace44
95,NoraChen,Mykitty55
96,RyanJiang,Mylogin66
97,MadisonGao,Getbackin77
98,JakobZhao,Idontknow88
99,NadiaCui,Tryagain99
100,EthanXu,
